{
    "name": "dmcas_lift",
    "revision": 0,
    "order": 0,
    "parameterMap": {
        "_NObs_": {
            "parameter": "_NObs_",
            "type": "num",
            "label": "Sum of Frequencies",
            "length": 8,
            "order": 9,
            "values": [
                "_NObs_"
            ],
            "preformatted": false
        },
        "_Depth_": {
            "parameter": "_Depth_",
            "type": "num",
            "label": "Depth",
            "length": 8,
            "order": 7,
            "values": [
                "_Depth_"
            ],
            "preformatted": false
        },
        "_CumRespBest_": {
            "parameter": "_CumRespBest_",
            "type": "num",
            "label": "Best Cumulative Captured Response Percentage",
            "length": 8,
            "order": 17,
            "values": [
                "_CumRespBest_"
            ],
            "preformatted": false
        },
        "_formattedPartition_": {
            "parameter": "_formattedPartition_",
            "type": "char",
            "label": "Formatted Partition",
            "length": 12,
            "order": 4,
            "values": [
                "_formattedPartition_"
            ],
            "preformatted": false
        },
        "_Column_": {
            "parameter": "_Column_",
            "type": "char",
            "label": "Analysis Variable",
            "length": 8,
            "order": 5,
            "values": [
                "_Column_"
            ],
            "preformatted": false
        },
        "_RespBest_": {
            "parameter": "_RespBest_",
            "type": "num",
            "label": "Best Captured Response Percentage",
            "length": 8,
            "order": 13,
            "values": [
                "_RespBest_"
            ],
            "preformatted": false
        },
        "_DataRole_": {
            "parameter": "_DataRole_",
            "type": "char",
            "label": "Data Role",
            "length": 10,
            "order": 2,
            "values": [
                "_DataRole_"
            ],
            "preformatted": false
        },
        "_CumResp_": {
            "parameter": "_CumResp_",
            "type": "num",
            "label": "Cumulative Captured Response Percentage",
            "length": 8,
            "order": 16,
            "values": [
                "_CumResp_"
            ],
            "preformatted": false
        },
        "_PctRespBest_": {
            "parameter": "_PctRespBest_",
            "type": "num",
            "label": "Best Response Percentage",
            "length": 8,
            "order": 21,
            "values": [
                "_PctRespBest_"
            ],
            "preformatted": false
        },
        "_Gain_": {
            "parameter": "_Gain_",
            "type": "num",
            "label": "Gain",
            "length": 8,
            "order": 24,
            "values": [
                "_Gain_"
            ],
            "preformatted": false
        },
        "_CumLift_": {
            "parameter": "_CumLift_",
            "type": "num",
            "label": "Cumulative Lift",
            "length": 8,
            "order": 18,
            "values": [
                "_CumLift_"
            ],
            "preformatted": false
        },
        "_Event_": {
            "parameter": "_Event_",
            "type": "char",
            "label": "Event",
            "length": 12,
            "order": 6,
            "values": [
                "_Event_"
            ],
            "preformatted": false
        },
        "_TargetName_": {
            "parameter": "_TargetName_",
            "type": "char",
            "label": "Target Name",
            "length": 6,
            "order": 1,
            "values": [
                "_TargetName_"
            ],
            "preformatted": false
        },
        "_PctResp_": {
            "parameter": "_PctResp_",
            "type": "num",
            "label": "Response Percentage",
            "length": 8,
            "order": 20,
            "values": [
                "_PctResp_"
            ],
            "preformatted": false
        },
        "_GainBest_": {
            "parameter": "_GainBest_",
            "type": "num",
            "label": "Best Gain",
            "length": 8,
            "order": 25,
            "values": [
                "_GainBest_"
            ],
            "preformatted": false
        },
        "_CumLiftBest_": {
            "parameter": "_CumLiftBest_",
            "type": "num",
            "label": "Best Cumulative Lift",
            "length": 8,
            "order": 19,
            "values": [
                "_CumLiftBest_"
            ],
            "preformatted": false
        },
        "_Lift_": {
            "parameter": "_Lift_",
            "type": "num",
            "label": "Lift",
            "length": 8,
            "order": 14,
            "values": [
                "_Lift_"
            ],
            "preformatted": false
        },
        "_CumPctResp_": {
            "parameter": "_CumPctResp_",
            "type": "num",
            "label": "Cumulative Response Percentage",
            "length": 8,
            "order": 22,
            "values": [
                "_CumPctResp_"
            ],
            "preformatted": false
        },
        "_NEventsBest_": {
            "parameter": "_NEventsBest_",
            "type": "num",
            "label": "Best Number of Events",
            "length": 8,
            "order": 11,
            "values": [
                "_NEventsBest_"
            ],
            "preformatted": false
        },
        "_CumPctRespBest_": {
            "parameter": "_CumPctRespBest_",
            "type": "num",
            "label": "Best Cumulative Response Percentage",
            "length": 8,
            "order": 23,
            "values": [
                "_CumPctRespBest_"
            ],
            "preformatted": false
        },
        "_Value_": {
            "parameter": "_Value_",
            "type": "num",
            "label": "Value",
            "length": 8,
            "order": 8,
            "values": [
                "_Value_"
            ],
            "preformatted": false
        },
        "_NEvents_": {
            "parameter": "_NEvents_",
            "type": "num",
            "label": "Number of Events",
            "length": 8,
            "order": 10,
            "values": [
                "_NEvents_"
            ],
            "preformatted": false
        },
        "_LiftBest_": {
            "parameter": "_LiftBest_",
            "type": "num",
            "label": "Best Lift",
            "length": 8,
            "order": 15,
            "values": [
                "_LiftBest_"
            ],
            "preformatted": false
        },
        "_PartInd_": {
            "parameter": "_PartInd_",
            "type": "num",
            "label": "Partition Indicator",
            "length": 8,
            "order": 3,
            "values": [
                "_PartInd_"
            ],
            "preformatted": false
        },
        "_Resp_": {
            "parameter": "_Resp_",
            "type": "num",
            "label": "Captured Response Percentage",
            "length": 8,
            "order": 12,
            "values": [
                "_Resp_"
            ],
            "preformatted": false
        }
    },
    "data": [
        {
            "dataMap": {
                "_NObs_": "0",
                "_Depth_": "0",
                "_CumRespBest_": "0",
                "_formattedPartition_": "           1",
                "_column_": "predict",
                "_RespBest_": "0",
                "_DataRole_": "TRAIN",
                "_CumResp_": "0",
                "_Event_": "1",
                "_TargetName_": "Maintenance_flag",
                "_NEventsBest_": "0",
                "_Value_": "0",
                "_NEvents_": "0",
                "_PartInd_": "1",
                "_Resp_": "0"
            },
            "rowNumber": 1
        },
        {
            "dataMap": {
                "_NObs_": "291.0",
                "_Depth_": "5.0",
                "_CumRespBest_": "21.8796992481203",
                "_formattedPartition_": "           1",
                "_column_": "predict",
                "_RespBest_": "21.8796992481203",
                "_DataRole_": "TRAIN",
                "_CumResp_": "21.8796992481203",
                "_PctRespBest_": "100.0",
                "_Gain_": "3.37593984962406",
                "_CumLift_": "4.37593984962406",
                "_Event_": "1",
                "_TargetName_": "Maintenance_flag",
                "_PctResp_": "100.0",
                "_GainBest_": "3.37593984962406",
                "_CumLiftBest_": "4.37593984962406",
                "_Lift_": "4.37593984962406",
                "_CumPctResp_": "100.0",
                "_NEventsBest_": "291.0",
                "_CumPctRespBest_": "100.0",
                "_Value_": "0.9",
                "_NEvents_": "291.0",
                "_LiftBest_": "4.37593984962406",
                "_PartInd_": "1",
                "_Resp_": "21.8796992481203"
            },
            "rowNumber": 2
        },
        {
            "dataMap": {
                "_NObs_": "291.0",
                "_Depth_": "10.0",
                "_CumRespBest_": "43.7593984962406",
                "_formattedPartition_": "           1",
                "_column_": "predict",
                "_RespBest_": "21.8796992481203",
                "_DataRole_": "TRAIN",
                "_CumResp_": "43.7593984962406",
                "_PctRespBest_": "100.0",
                "_Gain_": "3.37593984962406",
                "_CumLift_": "4.37593984962406",
                "_Event_": "1",
                "_TargetName_": "Maintenance_flag",
                "_PctResp_": "100.0",
                "_GainBest_": "3.37593984962406",
                "_CumLiftBest_": "4.37593984962406",
                "_Lift_": "4.37593984962406",
                "_CumPctResp_": "100.0",
                "_NEventsBest_": "291.0",
                "_CumPctRespBest_": "100.0",
                "_Value_": "0.86",
                "_NEvents_": "291.0",
                "_LiftBest_": "4.37593984962406",
                "_PartInd_": "1",
                "_Resp_": "21.8796992481203"
            },
            "rowNumber": 3
        },
        {
            "dataMap": {
                "_NObs_": "291.0",
                "_Depth_": "15.0",
                "_CumRespBest_": "65.6390977443609",
                "_formattedPartition_": "           1",
                "_column_": "predict",
                "_RespBest_": "21.8796992481203",
                "_DataRole_": "TRAIN",
                "_CumResp_": "65.6390977443609",
                "_PctRespBest_": "100.0",
                "_Gain_": "3.37593984962406",
                "_CumLift_": "4.37593984962406",
                "_Event_": "1",
                "_TargetName_": "Maintenance_flag",
                "_PctResp_": "100.0",
                "_GainBest_": "3.37593984962406",
                "_CumLiftBest_": "4.37593984962406",
                "_Lift_": "4.37593984962406",
                "_CumPctResp_": "100.0",
                "_NEventsBest_": "291.0",
                "_CumPctRespBest_": "100.0",
                "_Value_": "0.82",
                "_NEvents_": "291.0",
                "_LiftBest_": "4.37593984962406",
                "_PartInd_": "1",
                "_Resp_": "21.8796992481203"
            },
            "rowNumber": 4
        },
        {
            "dataMap": {
                "_NObs_": "291.0",
                "_Depth_": "20.0",
                "_CumRespBest_": "87.5187969924812",
                "_formattedPartition_": "           1",
                "_column_": "predict",
                "_RespBest_": "21.8796992481203",
                "_DataRole_": "TRAIN",
                "_CumResp_": "87.5187969924812",
                "_PctRespBest_": "100.0",
                "_Gain_": "3.37593984962406",
                "_CumLift_": "4.37593984962406",
                "_Event_": "1",
                "_TargetName_": "Maintenance_flag",
                "_PctResp_": "100.0",
                "_GainBest_": "3.37593984962406",
                "_CumLiftBest_": "4.37593984962406",
                "_Lift_": "4.37593984962406",
                "_CumPctResp_": "100.0",
                "_NEventsBest_": "291.0",
                "_CumPctRespBest_": "100.0",
                "_Value_": "0.76",
                "_NEvents_": "291.0",
                "_LiftBest_": "4.37593984962406",
                "_PartInd_": "1",
                "_Resp_": "21.8796992481203"
            },
            "rowNumber": 5
        },
        {
            "dataMap": {
                "_NObs_": "291.0",
                "_Depth_": "25.0",
                "_CumRespBest_": "100.0",
                "_formattedPartition_": "           1",
                "_column_": "predict",
                "_RespBest_": "12.4812030075188",
                "_DataRole_": "TRAIN",
                "_CumResp_": "100.0",
                "_PctRespBest_": "57.0446735395189",
                "_Gain_": "3.0",
                "_CumLift_": "4.0",
                "_Event_": "1",
                "_TargetName_": "Maintenance_flag",
                "_PctResp_": "57.0446735395189",
                "_GainBest_": "3.0",
                "_CumLiftBest_": "4.0",
                "_Lift_": "2.49624060150375",
                "_CumPctResp_": "91.4089347079037",
                "_NEventsBest_": "166.0",
                "_CumPctRespBest_": "91.4089347079037",
                "_Value_": "0.29",
                "_NEvents_": "166.0",
                "_LiftBest_": "2.49624060150375",
                "_PartInd_": "1",
                "_Resp_": "12.4812030075188"
            },
            "rowNumber": 6
        },
        {
            "dataMap": {
                "_NObs_": "291.0",
                "_Depth_": "30.0",
                "_CumRespBest_": "100.0",
                "_formattedPartition_": "           1",
                "_column_": "predict",
                "_RespBest_": "0.0",
                "_DataRole_": "TRAIN",
                "_CumResp_": "100.0",
                "_PctRespBest_": "0.0",
                "_Gain_": "2.33333333333333",
                "_CumLift_": "3.33333333333333",
                "_Event_": "1",
                "_TargetName_": "Maintenance_flag",
                "_PctResp_": "0.0",
                "_GainBest_": "2.33333333333333",
                "_CumLiftBest_": "3.33333333333333",
                "_Lift_": "0.0",
                "_CumPctResp_": "76.1741122565864",
                "_NEventsBest_": "0.0",
                "_CumPctRespBest_": "76.1741122565864",
                "_Value_": "0.215",
                "_NEvents_": "0.0",
                "_LiftBest_": "0.0",
                "_PartInd_": "1",
                "_Resp_": "0.0"
            },
            "rowNumber": 7
        },
        {
            "dataMap": {
                "_NObs_": "291.0",
                "_Depth_": "35.0",
                "_CumRespBest_": "100.0",
                "_formattedPartition_": "           1",
                "_column_": "predict",
                "_RespBest_": "0.0",
                "_DataRole_": "TRAIN",
                "_CumResp_": "100.0",
                "_PctRespBest_": "0.0",
                "_Gain_": "1.85714285714285",
                "_CumLift_": "2.85714285714285",
                "_Event_": "1",
                "_TargetName_": "Maintenance_flag",
                "_PctResp_": "0.0",
                "_GainBest_": "1.85714285714285",
                "_CumLiftBest_": "2.85714285714285",
                "_Lift_": "0.0",
                "_CumPctResp_": "65.2920962199312",
                "_NEventsBest_": "0.0",
                "_CumPctRespBest_": "65.2920962199312",
                "_Value_": "0.15",
                "_NEvents_": "0.0",
                "_LiftBest_": "0.0",
                "_PartInd_": "1",
                "_Resp_": "0.0"
            },
            "rowNumber": 8
        },
        {
            "dataMap": {
                "_NObs_": "291.0",
                "_Depth_": "40.0",
                "_CumRespBest_": "100.0",
                "_formattedPartition_": "           1",
                "_column_": "predict",
                "_RespBest_": "0.0",
                "_DataRole_": "TRAIN",
                "_CumResp_": "100.0",
                "_PctRespBest_": "0.0",
                "_Gain_": "1.5",
                "_CumLift_": "2.5",
                "_Event_": "1",
                "_TargetName_": "Maintenance_flag",
                "_PctResp_": "0.0",
                "_GainBest_": "1.5",
                "_CumLiftBest_": "2.5",
                "_Lift_": "0.0",
                "_CumPctResp_": "57.1305841924398",
                "_NEventsBest_": "0.0",
                "_CumPctRespBest_": "57.1305841924398",
                "_Value_": "0.04",
                "_NEvents_": "0.0",
                "_LiftBest_": "0.0",
                "_PartInd_": "1",
                "_Resp_": "0.0"
            },
            "rowNumber": 9
        },
        {
            "dataMap": {
                "_NObs_": "291.0",
                "_Depth_": "45.0",
                "_CumRespBest_": "100.0",
                "_formattedPartition_": "           1",
                "_column_": "predict",
                "_RespBest_": "0.0",
                "_DataRole_": "TRAIN",
                "_CumResp_": "100.0",
                "_PctRespBest_": "0.0",
                "_Gain_": "1.22222222222222",
                "_CumLift_": "2.22222222222222",
                "_Event_": "1",
                "_TargetName_": "Maintenance_flag",
                "_PctResp_": "0.0",
                "_GainBest_": "1.22222222222222",
                "_CumLiftBest_": "2.22222222222222",
                "_Lift_": "0.0",
                "_CumPctResp_": "50.782741504391",
                "_NEventsBest_": "0.0",
                "_CumPctRespBest_": "50.782741504391",
                "_Value_": "0.01",
                "_NEvents_": "0.0",
                "_LiftBest_": "0.0",
                "_PartInd_": "1",
                "_Resp_": "0.0"
            },
            "rowNumber": 10
        },
        {
            "dataMap": {
                "_NObs_": "291.0",
                "_Depth_": "50.0",
                "_CumRespBest_": "100.0",
                "_formattedPartition_": "           1",
                "_column_": "predict",
                "_RespBest_": "0.0",
                "_DataRole_": "TRAIN",
                "_CumResp_": "100.0",
                "_PctRespBest_": "0.0",
                "_Gain_": "1.0",
                "_CumLift_": "2.0",
                "_Event_": "1",
                "_TargetName_": "Maintenance_flag",
                "_PctResp_": "0.0",
                "_GainBest_": "1.0",
                "_CumLiftBest_": "2.0",
                "_Lift_": "0.0",
                "_CumPctResp_": "45.7044673539518",
                "_NEventsBest_": "0.0",
                "_CumPctRespBest_": "45.7044673539518",
                "_Value_": "0.01",
                "_NEvents_": "0.0",
                "_LiftBest_": "0.0",
                "_PartInd_": "1",
                "_Resp_": "0.0"
            },
            "rowNumber": 11
        },
        {
            "dataMap": {
                "_NObs_": "291.0",
                "_Depth_": "55.0",
                "_CumRespBest_": "100.0",
                "_formattedPartition_": "           1",
                "_column_": "predict",
                "_RespBest_": "0.0",
                "_DataRole_": "TRAIN",
                "_CumResp_": "100.0",
                "_PctRespBest_": "0.0",
                "_Gain_": "0.81818181818181",
                "_CumLift_": "1.81818181818181",
                "_Event_": "1",
                "_TargetName_": "Maintenance_flag",
                "_PctResp_": "0.0",
                "_GainBest_": "0.81818181818181",
                "_CumLiftBest_": "1.81818181818181",
                "_Lift_": "0.0",
                "_CumPctResp_": "41.5495157763199",
                "_NEventsBest_": "0.0",
                "_CumPctRespBest_": "41.5495157763199",
                "_Value_": "0.0",
                "_NEvents_": "0.0",
                "_LiftBest_": "0.0",
                "_PartInd_": "1",
                "_Resp_": "0.0"
            },
            "rowNumber": 12
        },
        {
            "dataMap": {
                "_NObs_": "291.0",
                "_Depth_": "60.0",
                "_CumRespBest_": "100.0",
                "_formattedPartition_": "           1",
                "_column_": "predict",
                "_RespBest_": "0.0",
                "_DataRole_": "TRAIN",
                "_CumResp_": "100.0",
                "_PctRespBest_": "0.0",
                "_Gain_": "0.66666666666666",
                "_CumLift_": "1.66666666666666",
                "_Event_": "1",
                "_TargetName_": "Maintenance_flag",
                "_PctResp_": "0.0",
                "_GainBest_": "0.66666666666666",
                "_CumLiftBest_": "1.66666666666666",
                "_Lift_": "0.0",
                "_CumPctResp_": "38.0870561282932",
                "_NEventsBest_": "0.0",
                "_CumPctRespBest_": "38.0870561282932",
                "_Value_": "0.0",
                "_NEvents_": "0.0",
                "_LiftBest_": "0.0",
                "_PartInd_": "1",
                "_Resp_": "0.0"
            },
            "rowNumber": 13
        },
        {
            "dataMap": {
                "_NObs_": "291.0",
                "_Depth_": "65.0",
                "_CumRespBest_": "100.0",
                "_formattedPartition_": "           1",
                "_column_": "predict",
                "_RespBest_": "0.0",
                "_DataRole_": "TRAIN",
                "_CumResp_": "100.0",
                "_PctRespBest_": "0.0",
                "_Gain_": "0.53846153846153",
                "_CumLift_": "1.53846153846153",
                "_Event_": "1",
                "_TargetName_": "Maintenance_flag",
                "_PctResp_": "0.0",
                "_GainBest_": "0.53846153846153",
                "_CumLiftBest_": "1.53846153846153",
                "_Lift_": "0.0",
                "_CumPctResp_": "35.157282579963",
                "_NEventsBest_": "0.0",
                "_CumPctRespBest_": "35.157282579963",
                "_Value_": "0.0",
                "_NEvents_": "0.0",
                "_LiftBest_": "0.0",
                "_PartInd_": "1",
                "_Resp_": "0.0"
            },
            "rowNumber": 14
        },
        {
            "dataMap": {
                "_NObs_": "291.0",
                "_Depth_": "70.0",
                "_CumRespBest_": "100.0",
                "_formattedPartition_": "           1",
                "_column_": "predict",
                "_RespBest_": "0.0",
                "_DataRole_": "TRAIN",
                "_CumResp_": "100.0",
                "_PctRespBest_": "0.0",
                "_Gain_": "0.42857142857142",
                "_CumLift_": "1.42857142857142",
                "_Event_": "1",
                "_TargetName_": "Maintenance_flag",
                "_PctResp_": "0.0",
                "_GainBest_": "0.42857142857142",
                "_CumLiftBest_": "1.42857142857142",
                "_Lift_": "0.0",
                "_CumPctResp_": "32.6460481099656",
                "_NEventsBest_": "0.0",
                "_CumPctRespBest_": "32.6460481099656",
                "_Value_": "0.0",
                "_NEvents_": "0.0",
                "_LiftBest_": "0.0",
                "_PartInd_": "1",
                "_Resp_": "0.0"
            },
            "rowNumber": 15
        },
        {
            "dataMap": {
                "_NObs_": "291.0",
                "_Depth_": "75.0",
                "_CumRespBest_": "100.0",
                "_formattedPartition_": "           1",
                "_column_": "predict",
                "_RespBest_": "0.0",
                "_DataRole_": "TRAIN",
                "_CumResp_": "100.0",
                "_PctRespBest_": "0.0",
                "_Gain_": "0.33333333333333",
                "_CumLift_": "1.33333333333333",
                "_Event_": "1",
                "_TargetName_": "Maintenance_flag",
                "_PctResp_": "0.0",
                "_GainBest_": "0.33333333333333",
                "_CumLiftBest_": "1.33333333333333",
                "_Lift_": "0.0",
                "_CumPctResp_": "30.4696449026346",
                "_NEventsBest_": "0.0",
                "_CumPctRespBest_": "30.4696449026346",
                "_Value_": "0.0",
                "_NEvents_": "0.0",
                "_LiftBest_": "0.0",
                "_PartInd_": "1",
                "_Resp_": "0.0"
            },
            "rowNumber": 16
        },
        {
            "dataMap": {
                "_NObs_": "291.0",
                "_Depth_": "80.0",
                "_CumRespBest_": "100.0",
                "_formattedPartition_": "           1",
                "_column_": "predict",
                "_RespBest_": "0.0",
                "_DataRole_": "TRAIN",
                "_CumResp_": "100.0",
                "_PctRespBest_": "0.0",
                "_Gain_": "0.25",
                "_CumLift_": "1.25",
                "_Event_": "1",
                "_TargetName_": "Maintenance_flag",
                "_PctResp_": "0.0",
                "_GainBest_": "0.25",
                "_CumLiftBest_": "1.25",
                "_Lift_": "0.0",
                "_CumPctResp_": "28.5652920962199",
                "_NEventsBest_": "0.0",
                "_CumPctRespBest_": "28.5652920962199",
                "_Value_": "0.0",
                "_NEvents_": "0.0",
                "_LiftBest_": "0.0",
                "_PartInd_": "1",
                "_Resp_": "0.0"
            },
            "rowNumber": 17
        },
        {
            "dataMap": {
                "_NObs_": "291.0",
                "_Depth_": "85.0",
                "_CumRespBest_": "100.0",
                "_formattedPartition_": "           1",
                "_column_": "predict",
                "_RespBest_": "0.0",
                "_DataRole_": "TRAIN",
                "_CumResp_": "100.0",
                "_PctRespBest_": "0.0",
                "_Gain_": "0.17647058823529",
                "_CumLift_": "1.17647058823529",
                "_Event_": "1",
                "_TargetName_": "Maintenance_flag",
                "_PctResp_": "0.0",
                "_GainBest_": "0.17647058823529",
                "_CumLiftBest_": "1.17647058823529",
                "_Lift_": "0.0",
                "_CumPctResp_": "26.8849807964422",
                "_NEventsBest_": "0.0",
                "_CumPctRespBest_": "26.8849807964422",
                "_Value_": "0.0",
                "_NEvents_": "0.0",
                "_LiftBest_": "0.0",
                "_PartInd_": "1",
                "_Resp_": "0.0"
            },
            "rowNumber": 18
        },
        {
            "dataMap": {
                "_NObs_": "291.0",
                "_Depth_": "90.0",
                "_CumRespBest_": "100.0",
                "_formattedPartition_": "           1",
                "_column_": "predict",
                "_RespBest_": "0.0",
                "_DataRole_": "TRAIN",
                "_CumResp_": "100.0",
                "_PctRespBest_": "0.0",
                "_Gain_": "0.11111111111111",
                "_CumLift_": "1.11111111111111",
                "_Event_": "1",
                "_TargetName_": "Maintenance_flag",
                "_PctResp_": "0.0",
                "_GainBest_": "0.11111111111111",
                "_CumLiftBest_": "1.11111111111111",
                "_Lift_": "0.0",
                "_CumPctResp_": "25.3913707521955",
                "_NEventsBest_": "0.0",
                "_CumPctRespBest_": "25.3913707521955",
                "_Value_": "0.0",
                "_NEvents_": "0.0",
                "_LiftBest_": "0.0",
                "_PartInd_": "1",
                "_Resp_": "0.0"
            },
            "rowNumber": 19
        },
        {
            "dataMap": {
                "_NObs_": "291.0",
                "_Depth_": "95.0",
                "_CumRespBest_": "100.0",
                "_formattedPartition_": "           1",
                "_column_": "predict",
                "_RespBest_": "0.0",
                "_DataRole_": "TRAIN",
                "_CumResp_": "100.0",
                "_PctRespBest_": "0.0",
                "_Gain_": "0.05263157894736",
                "_CumLift_": "1.05263157894736",
                "_Event_": "1",
                "_TargetName_": "Maintenance_flag",
                "_PctResp_": "0.0",
                "_GainBest_": "0.05263157894736",
                "_CumLiftBest_": "1.05263157894736",
                "_Lift_": "0.0",
                "_CumPctResp_": "24.0549828178694",
                "_NEventsBest_": "0.0",
                "_CumPctRespBest_": "24.0549828178694",
                "_Value_": "0.0",
                "_NEvents_": "0.0",
                "_LiftBest_": "0.0",
                "_PartInd_": "1",
                "_Resp_": "0.0"
            },
            "rowNumber": 20
        },
        {
            "dataMap": {
                "_NObs_": "285.0",
                "_Depth_": "100.0",
                "_CumRespBest_": "100.0",
                "_formattedPartition_": "           1",
                "_column_": "predict",
                "_RespBest_": "0.0",
                "_DataRole_": "TRAIN",
                "_CumResp_": "100.0",
                "_PctRespBest_": "0.0",
                "_Gain_": "0.0",
                "_CumLift_": "1.0",
                "_Event_": "1",
                "_TargetName_": "Maintenance_flag",
                "_PctResp_": "0.0",
                "_GainBest_": "0.0",
                "_CumLiftBest_": "1.0",
                "_Lift_": "0.0",
                "_CumPctResp_": "22.875816993464",
                "_NEventsBest_": "0.0",
                "_CumPctRespBest_": "22.875816993464",
                "_Value_": "0.0",
                "_NEvents_": "0.0",
                "_LiftBest_": "0.0",
                "_PartInd_": "1",
                "_Resp_": "0.0"
            },
            "rowNumber": 21
        },
        {
            "dataMap": {
                "_NObs_": "0",
                "_Depth_": "0",
                "_CumRespBest_": "0",
                "_formattedPartition_": "           2",
                "_column_": "predict",
                "_RespBest_": "0",
                "_DataRole_": "TEST",
                "_CumResp_": "0",
                "_Event_": "1",
                "_TargetName_": "Maintenance_flag",
                "_NEventsBest_": "0",
                "_Value_": "0",
                "_NEvents_": "0",
                "_PartInd_": "2",
                "_Resp_": "0"
            },
            "rowNumber": 22
        },
        {
            "dataMap": {
                "_NObs_": "125.0",
                "_Depth_": "5.0",
                "_CumRespBest_": "22.5225225225225",
                "_formattedPartition_": "           2",
                "_column_": "predict",
                "_RespBest_": "22.5225225225225",
                "_DataRole_": "TEST",
                "_CumResp_": "13.1947331947331",
                "_PctRespBest_": "100.0",
                "_Gain_": "1.63894663894663",
                "_CumLift_": "2.63894663894663",
                "_Event_": "1",
                "_TargetName_": "Maintenance_flag",
                "_PctResp_": "58.5846153846153",
                "_GainBest_": "3.5045045045045",
                "_CumLiftBest_": "4.5045045045045",
                "_Lift_": "2.63894663894663",
                "_CumPctResp_": "58.5846153846153",
                "_NEventsBest_": "125.0",
                "_CumPctRespBest_": "100.0",
                "_Value_": "0.75",
                "_NEvents_": "73.2307692307692",
                "_LiftBest_": "4.5045045045045",
                "_PartInd_": "2",
                "_Resp_": "13.1947331947331"
            },
            "rowNumber": 23
        },
        {
            "dataMap": {
                "_NObs_": "125.0",
                "_Depth_": "10.0",
                "_CumRespBest_": "45.045045045045",
                "_formattedPartition_": "           2",
                "_column_": "predict",
                "_RespBest_": "22.5225225225225",
                "_DataRole_": "TEST",
                "_CumResp_": "25.4861758310034",
                "_PctRespBest_": "100.0",
                "_Gain_": "1.54861758310034",
                "_CumLift_": "2.54861758310034",
                "_Event_": "1",
                "_TargetName_": "Maintenance_flag",
                "_PctResp_": "54.5740053050397",
                "_GainBest_": "3.5045045045045",
                "_CumLiftBest_": "4.5045045045045",
                "_Lift_": "2.45828852725404",
                "_CumPctResp_": "56.5793103448275",
                "_NEventsBest_": "125.0",
                "_CumPctRespBest_": "100.0",
                "_Value_": "0.68",
                "_NEvents_": "68.2175066312997",
                "_LiftBest_": "4.5045045045045",
                "_PartInd_": "2",
                "_Resp_": "12.2914426362702"
            },
            "rowNumber": 24
        },
        {
            "dataMap": {
                "_NObs_": "125.0",
                "_Depth_": "15.0",
                "_CumRespBest_": "67.5675675675675",
                "_formattedPartition_": "           2",
                "_column_": "predict",
                "_RespBest_": "22.5225225225225",
                "_DataRole_": "TEST",
                "_CumResp_": "38.3506583506583",
                "_PctRespBest_": "100.0",
                "_Gain_": "1.55671055671055",
                "_CumLift_": "2.55671055671055",
                "_Event_": "1",
                "_TargetName_": "Maintenance_flag",
                "_PctResp_": "57.1183023872679",
                "_GainBest_": "3.5045045045045",
                "_CumLiftBest_": "4.5045045045045",
                "_Lift_": "2.57289650393098",
                "_CumPctResp_": "56.7589743589743",
                "_NEventsBest_": "125.0",
                "_CumPctRespBest_": "100.0",
                "_Value_": "0.61",
                "_NEvents_": "71.3978779840848",
                "_LiftBest_": "4.5045045045045",
                "_PartInd_": "2",
                "_Resp_": "12.8644825196549"
            },
            "rowNumber": 25
        },
        {
            "dataMap": {
                "_NObs_": "125.0",
                "_Depth_": "20.0",
                "_CumRespBest_": "90.0900900900901",
                "_formattedPartition_": "           2",
                "_column_": "predict",
                "_RespBest_": "22.5225225225225",
                "_DataRole_": "TEST",
                "_CumResp_": "51.9639639639639",
                "_PctRespBest_": "100.0",
                "_Gain_": "1.59819819819819",
                "_CumLift_": "2.59819819819819",
                "_Event_": "1",
                "_TargetName_": "Maintenance_flag",
                "_PctResp_": "60.4430769230769",
                "_GainBest_": "3.5045045045045",
                "_CumLiftBest_": "4.5045045045045",
                "_Lift_": "2.72266112266112",
                "_CumPctResp_": "57.68",
                "_NEventsBest_": "125.0",
                "_CumPctRespBest_": "100.0",
                "_Value_": "0.56",
                "_NEvents_": "75.5538461538461",
                "_LiftBest_": "4.5045045045045",
                "_PartInd_": "2",
                "_Resp_": "13.6133056133056"
            },
            "rowNumber": 26
        },
        {
            "dataMap": {
                "_NObs_": "125.0",
                "_Depth_": "25.0",
                "_CumRespBest_": "100.0",
                "_formattedPartition_": "           2",
                "_column_": "predict",
                "_RespBest_": "9.90990990990991",
                "_DataRole_": "TEST",
                "_CumResp_": "65.6456456456456",
                "_PctRespBest_": "44.0",
                "_Gain_": "1.62582582582582",
                "_CumLift_": "2.62582582582582",
                "_Event_": "1",
                "_TargetName_": "Maintenance_flag",
                "_PctResp_": "60.7466666666666",
                "_GainBest_": "3.0",
                "_CumLiftBest_": "4.0",
                "_Lift_": "2.73633633633633",
                "_CumPctResp_": "58.2933333333333",
                "_NEventsBest_": "55.0",
                "_CumPctRespBest_": "88.8",
                "_Value_": "0.5",
                "_NEvents_": "75.9333333333333",
                "_LiftBest_": "1.98198198198198",
                "_PartInd_": "2",
                "_Resp_": "13.6816816816816"
            },
            "rowNumber": 27
        },
        {
            "dataMap": {
                "_NObs_": "125.0",
                "_Depth_": "30.0",
                "_CumRespBest_": "100.0",
                "_formattedPartition_": "           2",
                "_column_": "predict",
                "_RespBest_": "0.0",
                "_DataRole_": "TEST",
                "_CumResp_": "79.6036036036036",
                "_PctRespBest_": "0.0",
                "_Gain_": "1.65345345345345",
                "_CumLift_": "2.65345345345345",
                "_Event_": "1",
                "_TargetName_": "Maintenance_flag",
                "_PctResp_": "61.9733333333333",
                "_GainBest_": "2.33333333333333",
                "_CumLiftBest_": "3.33333333333333",
                "_Lift_": "2.79159159159159",
                "_CumPctResp_": "58.9066666666666",
                "_NEventsBest_": "0.0",
                "_CumPctRespBest_": "74.0",
                "_Value_": "0.41",
                "_NEvents_": "77.4666666666666",
                "_LiftBest_": "0.0",
                "_PartInd_": "2",
                "_Resp_": "13.9579579579579"
            },
            "rowNumber": 28
        },
        {
            "dataMap": {
                "_NObs_": "125.0",
                "_Depth_": "35.0",
                "_CumRespBest_": "100.0",
                "_formattedPartition_": "           2",
                "_column_": "predict",
                "_RespBest_": "0.0",
                "_DataRole_": "TEST",
                "_CumResp_": "93.8045738045738",
                "_PctRespBest_": "0.0",
                "_Gain_": "1.68013068013068",
                "_CumLift_": "2.68013068013068",
                "_Event_": "1",
                "_TargetName_": "Maintenance_flag",
                "_PctResp_": "63.0523076923077",
                "_GainBest_": "1.85714285714285",
                "_CumLiftBest_": "2.85714285714285",
                "_Lift_": "2.84019404019404",
                "_CumPctResp_": "59.4989010989011",
                "_NEventsBest_": "0.0",
                "_CumPctRespBest_": "63.4285714285714",
                "_Value_": "0.28",
                "_NEvents_": "78.8153846153846",
                "_LiftBest_": "0.0",
                "_PartInd_": "2",
                "_Resp_": "14.2009702009702"
            },
            "rowNumber": 29
        },
        {
            "dataMap": {
                "_NObs_": "125.0",
                "_Depth_": "40.0",
                "_CumRespBest_": "100.0",
                "_formattedPartition_": "           2",
                "_column_": "predict",
                "_RespBest_": "0.0",
                "_DataRole_": "TEST",
                "_CumResp_": "99.6396396396396",
                "_PctRespBest_": "0.0",
                "_Gain_": "1.49099099099099",
                "_CumLift_": "2.49099099099099",
                "_Event_": "1",
                "_TargetName_": "Maintenance_flag",
                "_PctResp_": "25.9076923076923",
                "_GainBest_": "1.5",
                "_CumLiftBest_": "2.5",
                "_Lift_": "1.16701316701316",
                "_CumPctResp_": "55.3",
                "_NEventsBest_": "0.0",
                "_CumPctRespBest_": "55.5",
                "_Value_": "0.05",
                "_NEvents_": "32.3846153846153",
                "_LiftBest_": "0.0",
                "_PartInd_": "2",
                "_Resp_": "5.83506583506583"
            },
            "rowNumber": 30
        },
        {
            "dataMap": {
                "_NObs_": "125.0",
                "_Depth_": "45.0",
                "_CumRespBest_": "100.0",
                "_formattedPartition_": "           2",
                "_column_": "predict",
                "_RespBest_": "0.0",
                "_DataRole_": "TEST",
                "_CumResp_": "100.0",
                "_PctRespBest_": "0.0",
                "_Gain_": "1.22222222222222",
                "_CumLift_": "2.22222222222222",
                "_Event_": "1",
                "_TargetName_": "Maintenance_flag",
                "_PctResp_": "1.6",
                "_GainBest_": "1.22222222222222",
                "_CumLiftBest_": "2.22222222222222",
                "_Lift_": "0.07207207207207",
                "_CumPctResp_": "49.3333333333333",
                "_NEventsBest_": "0.0",
                "_CumPctRespBest_": "49.3333333333333",
                "_Value_": "0.02",
                "_NEvents_": "2.0",
                "_LiftBest_": "0.0",
                "_PartInd_": "2",
                "_Resp_": "0.36036036036036"
            },
            "rowNumber": 31
        },
        {
            "dataMap": {
                "_NObs_": "125.0",
                "_Depth_": "50.0",
                "_CumRespBest_": "100.0",
                "_formattedPartition_": "           2",
                "_column_": "predict",
                "_RespBest_": "0.0",
                "_DataRole_": "TEST",
                "_CumResp_": "100.0",
                "_PctRespBest_": "0.0",
                "_Gain_": "1.0",
                "_CumLift_": "2.0",
                "_Event_": "1",
                "_TargetName_": "Maintenance_flag",
                "_PctResp_": "0.0",
                "_GainBest_": "1.0",
                "_CumLiftBest_": "2.0",
                "_Lift_": "0.0",
                "_CumPctResp_": "44.3999999999999",
                "_NEventsBest_": "0.0",
                "_CumPctRespBest_": "44.4",
                "_Value_": "0.01",
                "_NEvents_": "0.0",
                "_LiftBest_": "0.0",
                "_PartInd_": "2",
                "_Resp_": "0.0"
            },
            "rowNumber": 32
        },
        {
            "dataMap": {
                "_NObs_": "125.0",
                "_Depth_": "55.0",
                "_CumRespBest_": "100.0",
                "_formattedPartition_": "           2",
                "_column_": "predict",
                "_RespBest_": "0.0",
                "_DataRole_": "TEST",
                "_CumResp_": "100.0",
                "_PctRespBest_": "0.0",
                "_Gain_": "0.81818181818181",
                "_CumLift_": "1.81818181818181",
                "_Event_": "1",
                "_TargetName_": "Maintenance_flag",
                "_PctResp_": "0.0",
                "_GainBest_": "0.81818181818181",
                "_CumLiftBest_": "1.81818181818181",
                "_Lift_": "0.0",
                "_CumPctResp_": "40.3636363636363",
                "_NEventsBest_": "0.0",
                "_CumPctRespBest_": "40.3636363636363",
                "_Value_": "0.01",
                "_NEvents_": "0.0",
                "_LiftBest_": "0.0",
                "_PartInd_": "2",
                "_Resp_": "0.0"
            },
            "rowNumber": 33
        },
        {
            "dataMap": {
                "_NObs_": "125.0",
                "_Depth_": "60.0",
                "_CumRespBest_": "100.0",
                "_formattedPartition_": "           2",
                "_column_": "predict",
                "_RespBest_": "0.0",
                "_DataRole_": "TEST",
                "_CumResp_": "100.0",
                "_PctRespBest_": "0.0",
                "_Gain_": "0.66666666666666",
                "_CumLift_": "1.66666666666666",
                "_Event_": "1",
                "_TargetName_": "Maintenance_flag",
                "_PctResp_": "0.0",
                "_GainBest_": "0.66666666666666",
                "_CumLiftBest_": "1.66666666666666",
                "_Lift_": "0.0",
                "_CumPctResp_": "37.0",
                "_NEventsBest_": "0.0",
                "_CumPctRespBest_": "37.0",
                "_Value_": "0.0",
                "_NEvents_": "0.0",
                "_LiftBest_": "0.0",
                "_PartInd_": "2",
                "_Resp_": "0.0"
            },
            "rowNumber": 34
        },
        {
            "dataMap": {
                "_NObs_": "125.0",
                "_Depth_": "65.0",
                "_CumRespBest_": "100.0",
                "_formattedPartition_": "           2",
                "_column_": "predict",
                "_RespBest_": "0.0",
                "_DataRole_": "TEST",
                "_CumResp_": "100.0",
                "_PctRespBest_": "0.0",
                "_Gain_": "0.53846153846153",
                "_CumLift_": "1.53846153846153",
                "_Event_": "1",
                "_TargetName_": "Maintenance_flag",
                "_PctResp_": "0.0",
                "_GainBest_": "0.53846153846153",
                "_CumLiftBest_": "1.53846153846153",
                "_Lift_": "0.0",
                "_CumPctResp_": "34.1538461538461",
                "_NEventsBest_": "0.0",
                "_CumPctRespBest_": "34.1538461538461",
                "_Value_": "0.0",
                "_NEvents_": "0.0",
                "_LiftBest_": "0.0",
                "_PartInd_": "2",
                "_Resp_": "0.0"
            },
            "rowNumber": 35
        },
        {
            "dataMap": {
                "_NObs_": "125.0",
                "_Depth_": "70.0",
                "_CumRespBest_": "100.0",
                "_formattedPartition_": "           2",
                "_column_": "predict",
                "_RespBest_": "0.0",
                "_DataRole_": "TEST",
                "_CumResp_": "100.0",
                "_PctRespBest_": "0.0",
                "_Gain_": "0.42857142857142",
                "_CumLift_": "1.42857142857142",
                "_Event_": "1",
                "_TargetName_": "Maintenance_flag",
                "_PctResp_": "0.0",
                "_GainBest_": "0.42857142857142",
                "_CumLiftBest_": "1.42857142857142",
                "_Lift_": "0.0",
                "_CumPctResp_": "31.7142857142857",
                "_NEventsBest_": "0.0",
                "_CumPctRespBest_": "31.7142857142857",
                "_Value_": "0.0",
                "_NEvents_": "0.0",
                "_LiftBest_": "0.0",
                "_PartInd_": "2",
                "_Resp_": "0.0"
            },
            "rowNumber": 36
        },
        {
            "dataMap": {
                "_NObs_": "125.0",
                "_Depth_": "75.0",
                "_CumRespBest_": "100.0",
                "_formattedPartition_": "           2",
                "_column_": "predict",
                "_RespBest_": "0.0",
                "_DataRole_": "TEST",
                "_CumResp_": "100.0",
                "_PctRespBest_": "0.0",
                "_Gain_": "0.33333333333333",
                "_CumLift_": "1.33333333333333",
                "_Event_": "1",
                "_TargetName_": "Maintenance_flag",
                "_PctResp_": "0.0",
                "_GainBest_": "0.33333333333333",
                "_CumLiftBest_": "1.33333333333333",
                "_Lift_": "0.0",
                "_CumPctResp_": "29.6",
                "_NEventsBest_": "0.0",
                "_CumPctRespBest_": "29.6",
                "_Value_": "0.0",
                "_NEvents_": "0.0",
                "_LiftBest_": "0.0",
                "_PartInd_": "2",
                "_Resp_": "0.0"
            },
            "rowNumber": 37
        },
        {
            "dataMap": {
                "_NObs_": "125.0",
                "_Depth_": "80.0",
                "_CumRespBest_": "100.0",
                "_formattedPartition_": "           2",
                "_column_": "predict",
                "_RespBest_": "0.0",
                "_DataRole_": "TEST",
                "_CumResp_": "100.0",
                "_PctRespBest_": "0.0",
                "_Gain_": "0.24999999999999",
                "_CumLift_": "1.25",
                "_Event_": "1",
                "_TargetName_": "Maintenance_flag",
                "_PctResp_": "0.0",
                "_GainBest_": "0.25",
                "_CumLiftBest_": "1.25",
                "_Lift_": "0.0",
                "_CumPctResp_": "27.75",
                "_NEventsBest_": "0.0",
                "_CumPctRespBest_": "27.75",
                "_Value_": "0.0",
                "_NEvents_": "0.0",
                "_LiftBest_": "0.0",
                "_PartInd_": "2",
                "_Resp_": "0.0"
            },
            "rowNumber": 38
        },
        {
            "dataMap": {
                "_NObs_": "125.0",
                "_Depth_": "85.0",
                "_CumRespBest_": "100.0",
                "_formattedPartition_": "           2",
                "_column_": "predict",
                "_RespBest_": "0.0",
                "_DataRole_": "TEST",
                "_CumResp_": "100.0",
                "_PctRespBest_": "0.0",
                "_Gain_": "0.17647058823529",
                "_CumLift_": "1.17647058823529",
                "_Event_": "1",
                "_TargetName_": "Maintenance_flag",
                "_PctResp_": "0.0",
                "_GainBest_": "0.17647058823529",
                "_CumLiftBest_": "1.17647058823529",
                "_Lift_": "0.0",
                "_CumPctResp_": "26.1176470588235",
                "_NEventsBest_": "0.0",
                "_CumPctRespBest_": "26.1176470588235",
                "_Value_": "0.0",
                "_NEvents_": "0.0",
                "_LiftBest_": "0.0",
                "_PartInd_": "2",
                "_Resp_": "0.0"
            },
            "rowNumber": 39
        },
        {
            "dataMap": {
                "_NObs_": "125.0",
                "_Depth_": "90.0",
                "_CumRespBest_": "100.0",
                "_formattedPartition_": "           2",
                "_column_": "predict",
                "_RespBest_": "0.0",
                "_DataRole_": "TEST",
                "_CumResp_": "100.0",
                "_PctRespBest_": "0.0",
                "_Gain_": "0.11111111111111",
                "_CumLift_": "1.11111111111111",
                "_Event_": "1",
                "_TargetName_": "Maintenance_flag",
                "_PctResp_": "0.0",
                "_GainBest_": "0.11111111111111",
                "_CumLiftBest_": "1.11111111111111",
                "_Lift_": "0.0",
                "_CumPctResp_": "24.6666666666666",
                "_NEventsBest_": "0.0",
                "_CumPctRespBest_": "24.6666666666666",
                "_Value_": "0.0",
                "_NEvents_": "0.0",
                "_LiftBest_": "0.0",
                "_PartInd_": "2",
                "_Resp_": "0.0"
            },
            "rowNumber": 40
        },
        {
            "dataMap": {
                "_NObs_": "125.0",
                "_Depth_": "95.0",
                "_CumRespBest_": "100.0",
                "_formattedPartition_": "           2",
                "_column_": "predict",
                "_RespBest_": "0.0",
                "_DataRole_": "TEST",
                "_CumResp_": "100.0",
                "_PctRespBest_": "0.0",
                "_Gain_": "0.05263157894736",
                "_CumLift_": "1.05263157894736",
                "_Event_": "1",
                "_TargetName_": "Maintenance_flag",
                "_PctResp_": "0.0",
                "_GainBest_": "0.05263157894736",
                "_CumLiftBest_": "1.05263157894736",
                "_Lift_": "0.0",
                "_CumPctResp_": "23.3684210526315",
                "_NEventsBest_": "0.0",
                "_CumPctRespBest_": "23.3684210526315",
                "_Value_": "0.0",
                "_NEvents_": "0.0",
                "_LiftBest_": "0.0",
                "_PartInd_": "2",
                "_Resp_": "0.0"
            },
            "rowNumber": 41
        },
        {
            "dataMap": {
                "_NObs_": "118.0",
                "_Depth_": "100.0",
                "_CumRespBest_": "100.0",
                "_formattedPartition_": "           2",
                "_column_": "predict",
                "_RespBest_": "0.0",
                "_DataRole_": "TEST",
                "_CumResp_": "100.0",
                "_PctRespBest_": "0.0",
                "_Gain_": "-3.3306690738754e-16",
                "_CumLift_": "1.0",
                "_Event_": "1",
                "_TargetName_": "Maintenance_flag",
                "_PctResp_": "0.0",
                "_GainBest_": "0.0",
                "_CumLiftBest_": "1.0",
                "_Lift_": "0.0",
                "_CumPctResp_": "22.2623345367027",
                "_NEventsBest_": "0.0",
                "_CumPctRespBest_": "22.2623345367027",
                "_Value_": "0.0",
                "_NEvents_": "0.0",
                "_LiftBest_": "0.0",
                "_PartInd_": "2",
                "_Resp_": "0.0"
            },
            "rowNumber": 42
        }
    ],
    "version": 1,
    "xInteger": false,
    "yInteger": false
}